{
    "loss": 1.5263797044754028,
    "accuracy": 0.8333333134651184
}